Versatainer Nc - 8288,307.50,Multi-channelled bifurcated protocol,2017-12-11 00:53:46
Veal - Nuckle,195.31,Assimilated bandwidth-monitored hub,2017-03-06 20:05:25
Wine - Cabernet Sauvignon,437.62,Versatile well-modulated initiative,2017-04-13 09:17:27
Irish Cream - Baileys,187.99,User-friendly intangible solution,2017-07-25 06:04:52
Basil - Fresh,363.92,Multi-lateral 6th generation help-desk,2017-08-22 06:24:21
Cheese Cloth No 100,179.47,Organic contextually-based protocol,2016-09-20 02:48:10
"Sole - Dover, Whole, Fresh",188.06,Optional value-added product,2016-11-14 05:06:49
Juice - Prune,396.20,Organic asymmetric matrices,2018-02-03 03:28:00
Tia Maria,485.62,Horizontal solution-oriented alliance,2016-10-03 00:48:51
"Beef - Kindney, Whole",288.00,Total attitude-oriented encryption,2016-12-25 19:42:14
Chocolate - Dark,166.95,Phased actuating firmware,2017-02-06 14:07:48
Glove - Cutting,330.90,Self-enabling impactful open architecture,2016-11-19 10:08:18
Creme De Menth - White,104.38,Enterprise-wide intangible policy,2016-10-12 02:55:42
Wine La Vielle Ferme Cote Du,419.07,Assimilated clear-thinking moderator,2016-12-06 05:52:58
Pie Filling - Pumpkin,350.72,Compatible eco-centric moratorium,2017-06-06 05:20:45
Parsley Italian - Fresh,94.32,Organic analyzing array,2017-06-01 18:24:32
Oil - Grapeseed Oil,219.60,Reverse-engineered next generation approach,2017-03-08 05:40:59
Eggroll,482.06,Operative coherent solution,2017-02-28 13:46:18
Scallops - In Shell,477.08,Quality-focused multi-state leverage,2017-05-21 05:42:47
Gatorade - Orange,362.74,Profound upward-trending challenge,2017-06-16 09:17:19
Lotus Rootlets - Canned,279.16,Networked coherent info-mediaries,2018-03-08 03:44:20
Steel Wool S.o.s,169.12,Focused dedicated customer loyalty,2018-03-12 00:55:23
Garbage Bags - Clear,371.53,Customer-focused high-level moderator,2017-03-08 20:49:52
Milk - Chocolate 250 Ml,309.16,Total upward-trending implementation,2016-10-03 03:54:30
Sherry - Dry,342.94,Persevering upward-trending emulation,2017-06-09 00:19:33
Sachet,370.24,Fundamental zero defect methodology,2017-11-20 07:10:47
Mcguinness - Blue Curacao,308.85,Right-sized regional challenge,2017-07-12 23:30:48
"Dill - Primerba, Paste",43.64,Persevering well-modulated approach,2016-08-16 08:53:03
Quail - Jumbo Boneless,466.66,Multi-tiered grid-enabled encryption,2016-12-21 15:17:55
"Olives - Green, Pitted",284.64,Devolved neutral approach,2017-08-29 15:40:47
"Tortillas - Flour, 12",262.93,Compatible explicit hardware,2018-02-25 05:22:48
"Nut - Cashews, Whole, Raw",356.70,Customer-focused motivating superstructure,2016-10-13 04:29:19
Pie Filling - Apple,103.66,Distributed upward-trending conglomeration,2018-02-24 10:54:29
Sorrel - Fresh,479.67,Adaptive tangible methodology,2016-09-13 15:22:29
Anchovy In Oil,85.85,Intuitive well-modulated moratorium,2016-12-13 00:10:35
Gelatine Leaves - Envelopes,305.26,Enterprise-wide incremental encryption,2017-11-25 14:05:00
Cake - Miini Cheesecake Cherry,39.37,Re-engineered logistical productivity,2018-03-12 10:15:54
Muffin Mix - Banana Nut,196.09,User-centric multimedia policy,2016-12-17 20:34:49
Wine - Lamancha Do Crianza,399.51,Fundamental impactful matrix,2017-10-21 19:39:26
Clam - Cherrystone,78.64,Assimilated high-level model,2018-02-08 19:33:19
Cinnamon - Stick,386.54,Progressive intermediate budgetary management,2017-01-29 12:07:56
Crackers - Melba Toast,65.34,Object-based tangible capability,2017-02-21 10:01:39
"Pasta - Bauletti, Chicken White",122.04,Multi-channelled eco-centric installation,2017-02-21 23:36:06
Glass - Juice Clear 5oz 55005,440.20,Robust stable methodology,2017-02-14 07:29:59
Taro Root,61.37,Synergized content-based complexity,2017-08-23 10:48:52
"Soup - Knorr, Classic Can. Chili",219.61,Total intermediate software,2017-02-11 02:39:01
Rice - Aborio,292.64,Programmable intangible monitoring,2018-01-22 04:40:18
Wine - Magnotta - Belpaese,290.42,Networked asymmetric standardization,2017-01-30 05:31:11
Chicken - Whole Fryers,494.82,Switchable stable groupware,2018-04-07 13:59:08
Appetizer - Crab And Brie,315.88,Cross-platform well-modulated help-desk,2017-02-06 20:59:40
Flour - Strong,158.65,Phased content-based projection,2016-08-28 16:55:21
Gatorade - Fruit Punch,214.98,Versatile logistical Graphical User Interface,2017-02-08 15:31:53
Sauce - Cranberry,464.80,Diverse bottom-line complexity,2017-12-08 06:10:16
Squid - Tubes / Tenticles 10/20,63.20,Open-architected upward-trending forecast,2016-08-04 15:38:02
Beef - Texas Style Burger,490.04,Customizable regional hierarchy,2016-12-29 06:46:14
Beets - Golden,328.48,Decentralized intangible database,2017-10-20 11:12:48
Calypso - Lemonade,226.18,Advanced mobile standardization,2018-03-22 05:04:13
Steampan - Foil,411.60,Versatile composite Graphical User Interface,2018-01-23 10:58:44
Chickhen - Chicken Phyllo,116.07,Front-line clear-thinking orchestration,2017-11-12 10:32:38
Muffin Orange Individual,246.46,Distributed local matrices,2017-05-22 08:16:20
Sprouts - Peppercress,483.81,Organized user-facing secured line,2017-07-25 19:37:41
Wine - Sicilia Igt Nero Avola,296.97,Innovative 24/7 success,2017-01-25 19:48:36
Shrimp - Black Tiger 8 - 12,287.12,Customizable intermediate open architecture,2016-10-19 14:12:44
"Chicken - Leg, Boneless",273.42,Streamlined bandwidth-monitored framework,2016-12-20 22:35:56
"Hickory Smoke, Liquid",104.16,Extended explicit moratorium,2017-03-05 02:59:13
Food Colouring - Red,185.81,Quality-focused 4th generation productivity,2017-07-09 11:57:09
Corn Syrup,263.01,Mandatory didactic architecture,2017-09-29 19:38:36
Crackers - Trio,107.12,Automated bandwidth-monitored middleware,2016-08-25 16:49:35
Beans - Soya Bean,42.29,User-centric multi-tasking projection,2017-01-31 10:03:13
Wine - Jackson Triggs Okonagan,124.84,Switchable homogeneous functionalities,2017-03-01 21:37:02
Cake - Dulce De Leche,105.86,Robust bottom-line complexity,2016-11-09 06:22:40
Pastrami,456.86,Intuitive neutral model,2018-03-13 03:25:15
Tobasco Sauce,461.66,Cross-platform incremental complexity,2016-12-09 02:09:56
Tarts Assorted,79.09,Triple-buffered user-facing approach,2017-06-03 21:36:05
Cheese - Parmigiano Reggiano,277.16,Cross-platform reciprocal encryption,2018-04-04 20:05:38
Ice Cream Bar - Rolo Cone,44.51,Organized next generation software,2017-12-02 00:25:32
Pie Filling - Apple,184.16,Mandatory contextually-based alliance,2018-03-03 14:33:15
"Juice - Orange, 341 Ml",121.77,Cross-platform 6th generation success,2017-12-31 05:10:30
Crab Meat Claw Pasteurise,425.74,Realigned grid-enabled strategy,2016-10-15 13:53:34
Nantucket Cranberry Juice,288.69,Persevering foreground initiative,2017-12-10 20:35:23
Cheese - St. Andre,484.41,Extended web-enabled pricing structure,2017-08-24 02:23:12
Chicken Giblets,208.25,Optional bi-directional paradigm,2017-03-13 03:00:54
"Orange - Canned, Mandarin",103.14,User-friendly asynchronous middleware,2017-11-09 00:55:39
Red Currant Jelly,183.54,Grass-roots tangible alliance,2017-04-22 19:30:58
Mahi Mahi,218.50,Multi-layered object-oriented data-warehouse,2016-08-24 06:26:53
Plastic Wrap,412.97,User-centric neutral capability,2017-08-11 11:50:24
Garlic Powder,106.64,Seamless heuristic hardware,2016-11-22 14:26:00
Lentils - Green Le Puy,443.40,Cloned mobile knowledge user,2018-01-05 12:17:09
"Beef - Tongue, Cooked",455.47,Balanced logistical Graphic Interface,2018-02-23 02:38:26
Piping Jelly - All Colours,47.26,Multi-channelled leading edge application,2016-10-22 12:41:30
"Bread - Sticks, Thin, Plain",414.10,Persevering mission-critical paradigm,2017-03-27 11:15:42
Croissants Thaw And Serve,77.15,Business-focused 24/7 solution,2017-04-17 03:12:31
Tea - Black Currant,143.14,Face to face scalable encoding,2016-10-27 13:02:03
Soup Campbells - Tomato Bisque,63.47,Public-key object-oriented success,2017-11-15 19:55:32
French Pastries,420.38,Operative motivating policy,2016-08-05 19:48:12
Wiberg Super Cure,303.85,Assimilated content-based project,2017-12-30 01:45:52
"Oil - Shortening,liqud, Fry",18.83,Reduced national adapter,2017-04-30 11:53:16
"Tray - Foam, Square 4 - S",275.29,Public-key foreground throughput,2017-04-12 03:36:38
Wine - Rosso Del Veronese Igt,393.89,Enhanced exuding superstructure,2017-08-03 10:47:34
Higashimaru Usukuchi Soy,207.73,Grass-roots web-enabled project,2017-05-11 00:10:45
Muffin - Bran Ind Wrpd,447.59,Sharable attitude-oriented groupware,2017-02-14 21:36:03
Soup - Campbells Broccoli,174.55,Reactive grid-enabled flexibility,2018-02-12 00:40:12
"Pork - Loin, Center Cut",130.75,Seamless incremental middleware,2017-04-17 16:18:50
Flour - All Purpose,443.97,Organized multi-tasking concept,2018-01-23 13:07:13
"Veal - Inside, Choice",112.63,Grass-roots empowering projection,2016-09-30 07:14:13
"Beans - Navy, Dry",140.08,Profit-focused executive approach,2016-08-30 01:30:32
Veal - Bones,3.86,Realigned impactful project,2016-12-10 21:44:16
Soup Bowl Clear 8oz92008,353.38,Exclusive homogeneous service-desk,2016-09-03 15:28:51
Tomatoes - Hot House,206.14,Triple-buffered optimal challenge,2017-01-05 00:31:27
Sour Puss - Tangerine,477.16,Monitored upward-trending internet solution,2017-06-16 22:42:20
"Nut - Pine Nuts, Whole",133.79,Assimilated value-added hardware,2016-11-16 06:36:04
Gingerale - Diet - Schweppes,496.78,Reactive hybrid protocol,2017-01-29 10:50:46
"Sprite, Diet - 355ml",296.87,Function-based real-time focus group,2017-08-13 02:50:39
Celery Root,206.73,Fully-configurable clear-thinking ability,2018-03-05 06:18:49
Wine - Piper Heidsieck Brut,159.86,Multi-lateral clear-thinking Graphic Interface,2018-02-05 22:11:15
Glucose,403.78,Exclusive zero administration ability,2017-01-22 04:28:48
Syrup - Kahlua Chocolate,425.84,Cross-platform client-driven approach,2018-03-27 11:48:38
"Wine - Red, Cabernet Sauvignon",343.37,Triple-buffered demand-driven projection,2017-10-19 15:48:59
Pie Pecan,359.95,Re-contextualized tertiary structure,2017-09-24 14:02:30
Huck White Towels,56.10,Realigned demand-driven ability,2017-09-09 12:07:47
Bread - Corn Muffaletta,436.50,Automated system-worthy info-mediaries,2017-10-10 20:30:16
Veal - Liver,255.11,Multi-tiered logistical time-frame,2017-05-11 09:22:32
"Beans - Kidney, Red Dry",279.82,Profit-focused homogeneous time-frame,2017-08-07 13:41:48
Pail For Lid 1537,414.13,Innovative optimal solution,2016-12-18 19:19:03
"Turkey - Breast, Boneless Sk On",283.99,Sharable actuating time-frame,2017-10-22 04:28:54
Compound - Strawberry,277.82,Organic fresh-thinking alliance,2017-05-31 03:56:39
Bok Choy - Baby,204.63,Open-architected foreground open architecture,2017-09-11 07:35:06
Muffin - Mix - Bran And Maple 15l,66.53,Advanced user-facing customer loyalty,2017-06-17 17:35:13
Olives - Stuffed,379.45,Secured actuating adapter,2016-08-18 09:46:50
Capon - Whole,2.27,Integrated responsive middleware,2017-06-17 08:13:13
Nut - Macadamia,276.14,Optimized multi-tasking productivity,2017-11-03 06:52:00
"Oil - Food, Lacquer Spray",168.66,Profound real-time moderator,2017-06-09 05:27:02
Table Cloth 62x114 Colour,353.08,Assimilated asynchronous function,2016-10-29 09:23:10
Munchies Honey Sweet Trail Mix,89.74,Innovative object-oriented infrastructure,2018-03-28 12:37:14
Sobe - Tropical Energy,132.97,Devolved optimal synergy,2018-01-01 17:37:58
Soup Campbells Split Pea And Ham,343.80,Organic systemic throughput,2018-03-27 09:26:59
Jam - Apricot,261.72,De-engineered explicit secured line,2016-08-09 18:44:57
Cloves - Ground,70.14,Mandatory global throughput,2017-08-10 10:06:01
Cheese - Cambozola,450.54,Realigned neutral throughput,2017-03-03 08:41:26
Plums - Red,215.80,Switchable multi-tasking success,2016-10-17 13:53:13
Island Oasis - Mango Daiquiri,6.04,Secured exuding customer loyalty,2016-09-19 04:52:43
Pepper - Sorrano,428.05,Universal uniform approach,2017-01-23 05:14:20
Wine - Fino Tio Pepe Gonzalez,189.85,Profit-focused leading edge open system,2016-12-23 02:07:10
Bread - Onion Focaccia,482.75,Re-contextualized didactic approach,2017-06-06 06:07:57
Seabream Whole Farmed,487.66,Diverse multi-tasking secured line,2016-11-04 01:28:43
Sprouts - Onion,455.92,Configurable user-facing complexity,2016-12-22 22:11:33
Chicken - Leg / Back Attach,171.01,Up-sized 24 hour circuit,2017-11-12 05:15:38
Wiberg Cure,70.89,Intuitive context-sensitive emulation,2018-03-27 01:43:04
Transfer Sheets,148.69,Configurable exuding success,2017-12-03 18:36:11
Water - Spring Water 500ml,5.89,Adaptive secondary neural-net,2017-06-15 02:50:25
Buffalo - Short Rib Fresh,391.29,Fully-configurable local circuit,2018-03-21 09:52:18
Wine - Chateau Timberlay,482.30,Progressive analyzing circuit,2017-09-04 22:08:20
"Wine - Bourgogne 2002, La",155.85,Focused tertiary application,2018-01-18 20:08:35
"Lemonade - Strawberry, 591 Ml",362.99,Optional web-enabled algorithm,2017-11-12 08:18:13
Island Oasis - Peach Daiquiri,44.42,Switchable system-worthy service-desk,2017-04-03 03:00:37
Danishes - Mini Cheese,7.37,Operative modular functionalities,2017-06-18 10:55:43
Island Oasis - Cappucino Mix,292.52,Fundamental motivating time-frame,2016-10-25 07:42:26
Wine - Beringer Founders Estate,158.11,Public-key didactic system engine,2017-04-01 12:00:41
Beef - Rib Eye Aaa,187.42,Open-source bandwidth-monitored monitoring,2016-10-10 09:19:52
Butter - Salted,479.97,Focused next generation initiative,2017-04-13 05:26:26
Coffee - French Vanilla Frothy,217.06,Open-architected dedicated capability,2018-01-13 05:42:54
Pasta - Fusili Tri - Coloured,312.66,Stand-alone optimizing alliance,2016-10-14 06:42:48
Clams - Canned,299.81,Multi-channelled next generation data-warehouse,2017-03-30 18:37:53
Jerusalem Artichoke,307.88,Ergonomic web-enabled function,2018-01-19 10:06:05
Soup - French Can Pea,246.58,Reverse-engineered 5th generation moratorium,2017-12-22 18:26:46
Lettuce - Radicchio,430.65,Networked bottom-line capability,2016-08-21 02:34:30
Bread - White Mini Epi,362.42,Devolved local software,2017-09-12 07:47:22
Oil - Avocado,438.44,Profit-focused hybrid alliance,2017-03-08 04:36:11
Bread - Bistro Sour,158.68,Inverse foreground core,2017-05-16 02:15:20
Bread - Dark Rye,406.57,Future-proofed 5th generation focus group,2017-04-25 10:44:22
Pastry - Cheese Baked Scones,495.70,Distributed 4th generation protocol,2017-02-25 02:32:33
Bread - Ciabatta Buns,9.81,Cross-group zero administration open architecture,2017-07-20 02:48:30
Sobe - Orange Carrot,411.38,Visionary modular policy,2017-06-27 21:01:42
"Tomatoes - Diced, Canned",27.12,Ergonomic actuating conglomeration,2017-12-05 19:41:53
Tomatoes Tear Drop Yellow,121.86,Versatile dedicated policy,2016-08-29 09:14:32
Lemon Balm - Fresh,43.58,Mandatory homogeneous projection,2016-11-08 20:43:42
Versatainer Nc - 9388,463.34,User-friendly solution-oriented parallelism,2017-08-11 17:13:42
Lettuce - Escarole,272.41,Profound global extranet,2018-03-24 00:41:41
Paste - Black Olive,19.42,Cross-group interactive system engine,2016-12-17 16:34:38
Mince Meat - Filling,101.64,Proactive incremental superstructure,2018-04-05 21:27:56
"Quail - Eggs, Fresh",42.49,Implemented explicit productivity,2016-08-12 23:08:17
Oil - Olive,443.16,Expanded multi-state leverage,2017-11-17 22:55:45
Ice Cream - Super Sandwich,320.69,Reduced next generation database,2017-07-04 12:25:09
Cookie Trail Mix,443.08,Programmable next generation middleware,2017-07-03 22:48:40
"Tea - Darjeeling, Azzura",79.66,Cross-platform bottom-line architecture,2016-12-24 13:44:46
Chips - Miss Vickies,97.88,Vision-oriented tertiary forecast,2016-11-25 11:10:56
"Crab - Claws, 26 - 30",67.12,Triple-buffered grid-enabled monitoring,2016-09-13 02:13:36
Squash - Butternut,429.10,Pre-emptive tangible system engine,2018-02-16 08:06:29
Truffle Shells - Semi - Sweet,27.04,Multi-layered dynamic info-mediaries,2017-04-07 11:36:37
Cheese - Brie,288.25,Optional actuating hub,2018-03-08 18:11:54
Cookies - Fortune,320.25,Horizontal incremental time-frame,2016-12-23 21:45:06
Milk - Homo,442.89,Profit-focused attitude-oriented workforce,2017-07-29 11:05:02
Yogurt - Plain,66.45,Future-proofed user-facing functionalities,2018-03-13 02:02:31
Ham - Black Forest,346.96,Intuitive logistical frame,2017-09-30 16:03:14
Pork - Backfat,248.27,Devolved actuating service-desk,2017-12-20 10:25:30
Pastry - Cheese Baked Scones,420.01,Exclusive attitude-oriented functionalities,2017-07-12 13:46:05
Haggis,425.79,Seamless disintermediate open system,2017-07-26 10:16:26
Cheese - Cottage Cheese,94.16,Re-contextualized motivating flexibility,2018-04-07 20:25:06
"Appetizer - Mini Egg Roll, Shrimp",490.36,Innovative executive focus group,2016-11-23 06:26:14
Soup - Campbells Mac N Cheese,145.76,Profit-focused 3rd generation strategy,2018-01-25 07:53:43
Pastry - Cheese Baked Scones,492.03,Integrated cohesive service-desk,2017-04-24 18:28:33
Bulgar,54.99,User-friendly intangible parallelism,2017-11-18 12:19:39
Wooden Mop Handle,330.43,Visionary stable local area network,2016-10-23 15:28:36
Bread - Corn Muffaleta Onion,392.15,Persevering contextually-based task-force,2018-04-06 09:11:56
Mountain Dew,74.82,Progressive mobile collaboration,2016-09-05 16:04:23
Bread - Raisin Walnut Pull,277.32,User-centric modular local area network,2017-03-15 12:07:27
Cake - Mini Cheesecake,381.77,User-friendly dedicated projection,2016-12-03 13:54:33
"Pasta - Lasagne, Fresh",213.82,Profound didactic installation,2018-03-10 16:32:46
Melon - Honey Dew,167.59,Seamless well-modulated website,2017-07-15 20:27:51
Alize Sunset,407.40,Up-sized 6th generation synergy,2017-01-08 10:59:56
Bread - Wheat Baguette,257.73,Robust exuding utilisation,2017-08-09 20:15:42
Laundry - Bag Cloth,141.92,Sharable web-enabled open system,2017-09-10 07:15:49
Rambutan,458.62,Stand-alone bandwidth-monitored pricing structure,2017-11-30 19:56:51
Halibut - Steaks,398.87,Digitized user-facing forecast,2016-11-08 14:43:51
Pears - Bartlett,423.60,Exclusive eco-centric knowledge base,2017-07-20 13:30:10
Clementine,34.59,Digitized regional throughput,2018-02-28 01:24:17
Peach - Halves,313.12,Organized systematic initiative,2016-08-15 11:58:42
Crab - Meat Combo,220.91,Focused asymmetric workforce,2017-05-03 08:20:41
Muffin Batt - Ban Dream Zero,117.55,Function-based explicit infrastructure,2016-08-24 23:54:50
Cranberry Foccacia,132.27,Quality-focused context-sensitive solution,2017-08-25 18:08:18
Dooleys Toffee,58.08,Object-based bifurcated portal,2017-05-06 21:43:48
Goat - Leg,303.70,Reverse-engineered global conglomeration,2017-01-30 04:19:40
Crab - Meat Combo,193.47,Implemented dedicated forecast,2016-12-21 13:41:15
Squash - Pepper,249.12,Face to face heuristic definition,2017-07-06 23:22:09
Chocolate Bar - Reese Pieces,265.71,Future-proofed multi-state neural-net,2016-09-29 05:17:13
Energy Drink Bawls,420.18,Ameliorated optimal implementation,2018-03-22 00:54:15
Chives - Fresh,113.26,Adaptive actuating matrix,2017-01-04 10:31:36
Wine - Sake,219.33,Balanced object-oriented migration,2016-10-11 07:02:39
Plums - Red,204.37,Reactive bifurcated application,2017-09-02 10:14:35
"7up Diet, 355 Ml",126.87,Realigned global access,2017-07-16 13:31:28
Veal - Kidney,184.67,Virtual regional utilisation,2018-01-17 22:44:02
Melon - Watermelon Yellow,46.79,Advanced interactive frame,2018-03-04 12:56:25
Wine - Rosso Del Veronese Igt,320.65,Profit-focused maximized protocol,2017-03-17 05:14:51
"Vermouth - White, Cinzano",31.64,Open-source multi-tasking implementation,2017-10-31 15:54:30
Banana - Leaves,331.70,Secured stable product,2017-04-01 22:29:32
Wine - Wyndham Estate Bin 777,351.71,Reverse-engineered clear-thinking support,2017-11-18 16:25:09
Crush - Cream Soda,261.33,Re-contextualized intangible Graphical User Interface,2017-10-01 19:33:06
Towel Dispenser,135.29,Digitized human-resource hub,2017-11-02 19:36:27
Cleaner - Comet,99.10,Realigned 24/7 info-mediaries,2016-09-25 00:31:06
Nutmeg - Ground,195.43,Distributed upward-trending moratorium,2016-12-16 17:10:21
Lid Tray - 12in Dome,52.57,Self-enabling zero administration secured line,2016-09-16 16:10:38
Spice - Greek 1 Step,226.26,Reactive bandwidth-monitored Graphic Interface,2018-02-04 19:58:55
Juice - Orange,32.99,Streamlined well-modulated benchmark,2017-09-23 12:17:36
Thyme - Dried,394.21,Horizontal fresh-thinking benchmark,2017-04-09 18:00:27
Tuna - Yellowfin,387.08,Future-proofed logistical emulation,2016-11-27 01:03:11
Wine - Guy Sage Touraine,326.01,Stand-alone client-driven collaboration,2017-11-02 17:51:00
Squid - Breaded,80.66,Multi-lateral background budgetary management,2017-04-16 20:18:12
Cream - 10%,70.81,Customizable directional model,2017-02-01 04:34:03
"Vermouth - White, Cinzano",221.36,Customizable encompassing algorithm,2018-02-08 23:21:03
Peas - Frozen,451.94,Enhanced asynchronous encryption,2017-06-01 22:37:53
Kahlua,279.25,Innovative homogeneous neural-net,2018-02-22 03:06:14
Sea Urchin,414.43,Open-source bifurcated hardware,2017-03-29 03:48:00
Tomato - Green,325.52,Seamless uniform approach,2018-03-19 05:36:43
Milk - 2% 250 Ml,188.79,Optimized methodical software,2018-01-27 21:47:23
Shrimp - Black Tiger 8 - 12,140.18,Upgradable executive definition,2016-12-06 02:56:40
Everfresh Products,66.24,Future-proofed hybrid extranet,2016-10-14 03:04:46
"Veal - Brisket, Provimi, Bone - In",488.48,Multi-channelled asymmetric firmware,2017-11-10 13:27:57
English Muffin,467.62,Exclusive next generation leverage,2018-04-11 20:46:19
"Soup - Knorr, Country Bean",71.47,Networked user-facing time-frame,2016-08-28 13:43:55
Flour Dark Rye,209.12,Up-sized background implementation,2018-02-13 14:47:45
Seabream Whole Farmed,281.77,Stand-alone solution-oriented Graphic Interface,2017-02-10 19:12:12
Chef Hat 25cm,89.00,Advanced executive success,2017-06-03 04:42:11
Kale - Red,129.32,Vision-oriented high-level pricing structure,2016-10-04 14:29:28
Fennel - Seeds,251.72,Quality-focused content-based core,2016-08-26 04:53:06
Bread Country Roll,284.93,Quality-focused demand-driven middleware,2017-12-17 07:56:53
Olives - Nicoise,359.45,Operative attitude-oriented artificial intelligence,2016-09-30 16:40:04
Rice - Brown,36.74,Cross-platform even-keeled projection,2017-01-20 01:22:34
Flower - Dish Garden,129.87,Exclusive context-sensitive analyzer,2018-04-13 06:18:00
Ocean Spray - Ruby Red,403.80,Progressive executive circuit,2017-11-08 18:27:14
"Split Peas - Yellow, Dry",67.83,Phased cohesive approach,2016-08-03 07:58:06
Truffle Cups Green,414.65,User-friendly tertiary application,2017-09-26 18:51:10
Gloves - Goldtouch Disposable,391.18,De-engineered holistic open architecture,2016-11-04 00:43:11
Wine - Cotes Du Rhone Parallele,330.61,Customizable holistic structure,2017-04-25 07:08:40
Sunflower Seed Raw,134.42,Versatile grid-enabled frame,2017-08-02 15:14:04
Bread - Raisin,109.80,Decentralized systematic project,2018-03-04 18:33:21
Pumpkin,332.84,Fundamental next generation strategy,2017-05-27 14:22:44
Beer - Original Organic Lager,200.34,Balanced demand-driven open system,2017-11-18 15:54:04
Chicken Thigh - Bone Out,421.10,Public-key incremental frame,2017-06-23 09:24:51
Cheese - Oka,171.36,Switchable multi-tasking challenge,2017-06-21 10:14:12
Pork Loin Cutlets,44.78,Multi-tiered grid-enabled artificial intelligence,2017-06-07 00:48:45
Soup Campbells,288.22,Secured coherent superstructure,2017-03-15 14:13:04
"Wine - Red, Harrow Estates, Cab",268.85,Fundamental even-keeled success,2018-03-14 12:58:20
Rosemary - Dry,325.10,Visionary scalable superstructure,2016-10-04 20:56:22
Banana Turning,324.72,Seamless bottom-line intranet,2017-05-17 10:51:01
Scotch - Queen Anne,260.18,Versatile explicit open system,2017-02-10 19:46:48
Basil - Fresh,401.46,Versatile motivating Graphical User Interface,2016-11-29 22:50:16
Pectin,337.40,Cloned optimizing matrix,2017-05-18 02:26:39
Wine - Casillero Deldiablo,272.71,Proactive client-server Graphic Interface,2017-02-18 14:07:01
Pumpkin - Seed,112.86,Universal neutral matrix,2016-08-16 12:22:44
Flour Pastry Super Fine,307.63,Optional incremental open architecture,2017-03-21 08:16:03
Wine - Champagne Brut Veuve,18.95,Pre-emptive human-resource info-mediaries,2016-12-08 03:08:24
Muffin - Zero Transfat,306.59,Front-line directional approach,2017-06-20 18:46:52
Ice Cream - Chocolate,458.39,Synergized client-server toolset,2018-03-04 18:16:47
Calaloo,477.02,Adaptive fault-tolerant time-frame,2016-11-14 07:22:18
Beer - Mcauslan Apricot,317.80,Cloned national capability,2018-02-17 18:11:03
"Basil - Dry, Rubbed",320.80,Reduced client-server project,2017-02-27 19:02:10
Capers - Ox Eye Daisy,190.65,User-friendly encompassing info-mediaries,2017-03-16 13:31:51
Tequila - Sauza Silver,419.96,Function-based uniform data-warehouse,2018-02-27 06:36:27
Sauce Tomato Pouch,101.06,Object-based fresh-thinking alliance,2016-11-05 05:51:55
Lady Fingers,312.77,Fully-configurable multimedia database,2018-01-07 04:52:49
