lredington0,DPG1CR2YA5,2018/02/06,casey0@noaa.gov,
fmalicki1,CmZ5Req,2017/10/11,jhannah1@gravatar.com,(389) 6995973
lbrook2,SVxGyATF6UwC,2016/06/14,latkin2@theatlantic.com,
tboik3,lMQI0jg,2016/08/08,bschieferstein3@sogou.com,(480) 2320929
mteeney4,vMD91hEp8iC,2017/08/26,arosborough4@posterous.com,(605) 1532530
kroocroft5,aYxqf07uo08,2017/12/27,dbartolomucci5@shutterfly.com,
jburnhams6,IvRG1hbx4w,2015/10/02,dpeddersen6@example.com,(998) 7976327
cduding7,ot9Ft2p0Tq,2016/07/10,dlipscombe7@scientificamerican.com,(678) 8535744
dostler8,CXeDxsUES0N,2016/07/22,abirchall8@nih.gov,
eheball9,PbkBCSduwv1S,2017/07/10,vbarrasse9@cam.ac.uk,(127) 5679895
ggoodingea,AdO0GJ4gRB,2017/09/23,fwoodroffa@mapy.cz,(144) 7255321
cshermeb,PwtRmrM,2015/07/21,tjeffb@phpbb.com,(869) 9225783
rtremouletc,h26RatNU,2016/09/10,dchaudrellec@privacy.gov.au,
mpemberyd,W6jyVjy,2015/08/07,asingsd@indiatimes.com,(116) 3967536
lstoniere,pLwvPqr,2016/11/08,mvealee@cafepress.com,
cyorstonf,Wb67eZ68flwu,2016/02/07,wkopeckaf@comsenz.com,
tladeg,yFsbtcsy,2017/10/13,hquestg@mysql.com,(716) 4572222
partinstallh,oC5eI6g4qBTL,2016/04/29,bsymmersh@macromedia.com,
barkowi,vwBjZs,2017/06/06,uvalentinoi@ovh.net,(763) 5730526
moverilj,VshwaDUP,2017/05/04,dgreiswoodj@google.com.hk,
kdeferrarisk,F8qUxzhQ2D9,2016/03/31,omillenk@t-online.de,(229) 6111064
lgodbeherel,P8fG0b2a4,2017/04/01,mmillhilll@w3.org,(920) 7515893
santonm,XH6KMC,2016/12/09,jbartosiakm@npr.org,
mgrixn,g8Awk8w0dpH,2016/01/16,gsizelandn@uiuc.edu,
ependrillo,nd1qqTDN,2016/02/17,amagarrello@nifty.com,
lclacep,dHZ6TESwIYc1,2015/12/18,lgrzegorczykp@paginegialle.it,(880) 9894794
wgillionsq,nWu28waaXRG3,2016/10/23,cberrowq@acquirethisname.com,(908) 4161079
jhaackr,nSdceO,2016/01/22,tsmealr@plala.or.jp,
alovells,EYpMwHWdeN82,2016/12/12,tfodens@yahoo.co.jp,(586) 8444523
kjoskat,b908fZ,2016/10/23,mboddymeadt@salon.com,
tradkiu,0WElfIYMx,2017/02/27,mgradwellu@prnewswire.com,
cdabneyv,S6FbqxfgP,2015/10/18,gwhittingtonv@howstuffworks.com,
cgrowdenw,6vvynv5UeY,2017/02/27,mbottrellw@wikispaces.com,(127) 9401024
wlestrangex,crizVzy1U,2015/12/13,sjaradx@noaa.gov,
cheifery,ls8PHV,2017/09/12,margenty@google.es,
kvanyukhinz,WVGSroxF,2015/12/20,breisenz@about.me,
msitford10,0SZP5JhBcP,2017/06/12,clunney10@de.vu,(129) 2981461
sofogerty11,WkaC8Tn7,2016/01/29,jvanyatin11@europa.eu,
gfruin12,6MvS7yWK,2017/07/07,edangelo12@netlog.com,(389) 6842674
jkamienski13,pea0JSA,2017/05/29,kzoane13@senate.gov,(120) 6259451
lfarnie14,6lsR5qkYffd,2017/09/09,yklossek14@usatoday.com,(614) 2302330
mbinne15,DstDSSOY,2015/08/12,dstopp15@buzzfeed.com,
vhatcher16,u0tM684MSrgN,2016/01/09,wkealey16@dailymail.co.uk,(555) 7070585
geddy17,c4NkkBIvgg,2016/10/02,cmoncrieffe17@theglobeandmail.com,
jpetrussi18,V2Cb4uCIT,2018/01/30,gpury18@free.fr,(604) 8043132
gkeuntje19,nSBJwTcspp,2017/02/26,cwapol19@so-net.ne.jp,(827) 8856580
delsom1a,9NLQU7QFd,2015/08/27,glooney1a@moonfruit.com,(934) 7000985
cbehneke1b,m8P4AdaGwY,2018/03/31,cgreser1b@usatoday.com,(622) 7461544
emochan1c,g19KeOaZY,2016/05/12,cborrell1c@slideshare.net,
fchristauffour1d,M1oncMUU,2015/08/01,semson1d@exblog.jp,(344) 6851795
eetherington1e,paqDQNKn4,2017/05/15,ogamon1e@digg.com,
twomack1f,Hjs28s,2017/02/09,bgrewes1f@imdb.com,
cdeville1g,8c5LZqmL2u,2015/09/29,sbutler1g@npr.org,
jtomblin1h,vSUZ2P53pq,2015/11/27,hholtham1h@discovery.com,
lstivani1i,O5CBD2BfyTUe,2015/12/04,dalcorn1i@admin.ch,(152) 8020098
wgosnay1j,GFnFgkonW,2018/03/05,cjeans1j@oaic.gov.au,
acusworth1k,PijgqhLcn,2017/02/02,schessman1k@theglobeandmail.com,
ajorczyk1l,RdCdzI3hlmy,2015/08/15,pfader1l@dell.com,(621) 2276784
jbonnet1m,BJsgYx,2015/06/15,asaunton1m@archive.org,(489) 6987086
kbradder1n,65iixrzDT,2015/09/08,pcoverdale1n@home.pl,
mbanthorpe1o,Md1OeOQN1Cat,2017/05/01,cpetrescu1o@guardian.co.uk,
ddallimore1p,lfxloRrl87x,2016/04/16,gmcintosh1p@boston.com,(643) 3575557
vmaddock1q,Kt9mBR,2016/03/19,jstackbridge1q@pcworld.com,
ebompas1r,2GL9pr,2015/11/08,cbartul1r@economist.com,(434) 5696564
agartery1s,KaMKVYi9,2017/05/12,egruszecki1s@google.com,(407) 5242875
tkrysztowczyk1t,jndyQ3mf80H,2018/03/26,ebrislawn1t@seattletimes.com,(218) 2834661
djerdon1u,a7f9Bm9IkRT,2016/11/04,lminguet1u@rakuten.co.jp,(783) 5267287
mfenty1v,yW6eCtJPu,2016/08/27,sbottrell1v@google.co.uk,(140) 2353416
parlett1w,RqE2zTudLaQ,2016/09/12,ptitt1w@gmpg.org,
ashawell1x,BKuH5A6s,2017/05/05,fnarramor1x@usa.gov,(938) 1263771
wczajkowski1y,NzMBLI,2017/06/16,jhanvey1y@last.fm,
thesbrook1z,0B7RFM2zfC2J,2015/11/23,cwolfart1z@netvibes.com,
mpetheridge20,bWagw8awT,2018/01/28,gforkan20@jimdo.com,
washard21,iHbIcwd,2018/02/06,jeddisforth21@yellowbook.com,
dismay22,hJ7uNQg,2015/12/11,cjenkin22@cafepress.com,(457) 8279317
gbyer23,86DzafCBA,2017/03/03,acordel23@paginegialle.it,(600) 2089436
aburbidge24,LMgbAAq,2016/05/14,amaybery24@pbs.org,
iduns25,ywtZR9Q,2017/11/15,asutterby25@sciencedaily.com,
gundrill26,JMKl0Ujn8X,2018/04/11,smeasor26@archive.org,(752) 5857145
agittose27,cEws40QeGV,2015/12/11,marnau27@mtv.com,(138) 8019564
gpocklington28,ipXs6B0ouEZv,2017/11/13,fstandbrooke28@independent.co.uk,
asansam29,U2cvykUmguoo,2016/01/20,sgorring29@rediff.com,
kbanville2a,tj2vwzBuNo,2017/07/11,mchamp2a@tripadvisor.com,
kjoul2b,FuleaM9C,2018/04/14,csuttaby2b@wordpress.com,(420) 6576378
mdickons2c,Wi8d14FFz,2016/06/13,oksandra2c@globo.com,
ecurnock2d,RWYfS3,2016/06/24,ecollihole2d@gmpg.org,(311) 9831968
dknapman2e,kG4AO4D9L3,2016/04/03,zivasyushkin2e@canalblog.com,(947) 8862634
ebyrch2f,xxGoVKR7,2017/06/27,ndobrowski2f@psu.edu,(927) 9756803
ykiffin2g,hq7LKNKz,2017/07/09,dwoollhead2g@exblog.jp,
mlesly2h,pexRPQ3g70zC,2016/05/03,jjermey2h@jiathis.com,
asteggles2i,EN4aXwHfL94p,2017/06/13,cbonehill2i@creativecommons.org,(649) 5795246
rpirolini2j,lvl8rS,2017/12/03,rwalley2j@independent.co.uk,(908) 5806390
mburdfield2k,iQvxp2TYH,2016/12/21,ebentje2k@ted.com,(683) 1335522
mbidder2l,wBQiSQPIs,2017/11/15,bsummerill2l@npr.org,(107) 7831614
mmacteggart2m,r78lDS6ShC,2017/08/14,mshingfield2m@ow.ly,(610) 8605501
abetje2n,5vo3GwRS5vv,2017/07/21,rprophet2n@elegantthemes.com,
hmcgrane2o,xetV8FoACNv1,2017/08/23,breuben2o@amazonaws.com,
calvares2p,dlhSVV2ES,2015/12/21,fmariolle2p@scientificamerican.com,
nseagrove2q,HXP5WR,2015/09/29,hlawie2q@mac.com,(101) 5755736
pfearnyough2r,tItR2tXjurKU,2016/11/26,gtourville2r@si.edu,(239) 4242695
